{
    "epochs": 0.45804931420826855,
    "embedding_dim": 0.4105910867471833,
    "l2scale": 0.04340849303292903,
    "nr_layers": 0.03641127463623975,
    "batch_size": 0.028623139577120427,
    "dims": 0.022916691798259035
}
