{
    "batch_size": 0.3477231153622962,
    "embedding_dim": 0.28699014459031347,
    "epochs": 0.25828449801005204,
    "l2scale": 0.06616265485065484,
    "dims": 0.029664844595713117,
    "nr_layers": 0.011174742590970215
}
