{
    "dropouts": 0.7519915628173532,
    "batch_size": 0.15411360859430892,
    "lr": 0.04339755242766145,
    "epochs": 0.027835883302375096,
    "nr_layers": 0.017051971321675772,
    "dims": 0.005609421536625696
}
