{
    "dropouts": 0.30000000000000004,
    "lr": 0.0029742795566365878,
    "batch_size": 10,
    "epochs": 1000,
    "d_layers": [
        128,
        128,
        128
    ]
}
