{
    "n_layers": 0.9282652312168092,
    "lr": 0.036382645041160344,
    "batch_size": 0.022631169270734053,
    "steps": 0.007897375625289747,
    "d_first": 0.004445784119836762,
    "scheduler": 0.00030581310514806045,
    "d_last": 4.703614716998446e-05,
    "num_samples": 2.0483708881686502e-05,
    "num_timesteps": 4.4617649702434305e-06
}
