{
    "learning_rate": 0.08663279761354557,
    "depth": 6,
    "l2_leaf_reg": 8.92855270774259,
    "bagging_temperature": 0.9636627605010293,
    "leaf_estimation_iterations": 4,
    "cat_features": []
}
