{
    "learning_rate": 0.47878583456013984,
    "depth": 3,
    "l2_leaf_reg": 9.991020082804397,
    "bagging_temperature": 0.2519778944267199,
    "leaf_estimation_iterations": 2,
    "cat_features": []
}
