{
    "epochs": 0.2772722855392538,
    "batch_size": 0.26014532002640084,
    "nr_layers": 0.23977751717994192,
    "dims": 0.2228048772544035,
    "l2scale": 0.0,
    "embedding_dim": 0.0
}
