{
    "epochs": 0.35918528921017306,
    "nr_layers": 0.3160012760503723,
    "embedding_dim": 0.13941439645459944,
    "batch_size": 0.0815326938907244,
    "l2scale": 0.07834276621455777,
    "dims": 0.025523578179572903
}
