{
    "num_samples": 0.4813974270918615,
    "n_layers": 0.4040712182775679,
    "lr": 0.04356758202950997,
    "steps": 0.031334676915570826,
    "d_last": 0.023917403464826625,
    "batch_size": 0.009686166452208017,
    "num_timesteps": 0.0025116308549344305,
    "d_first": 0.002358025677449141,
    "scheduler": 0.001155869236071663
}
