{
    "generator_lr": 0.3334456484759935,
    "epochs": 0.14158291554633512,
    "discriminator_lr": 0.11907731724024083,
    "d_layers": 0.1173508254841954,
    "g_layers": 0.10643168568106416,
    "d_dims": 0.060472122694314394,
    "g_dims": 0.041086040168534815,
    "generator_decay": 0.037903960180774965,
    "batch_size": 0.018710225920717256,
    "embedding_dim": 0.0171928021702843,
    "discriminator_decay": 0.006746456437545245
}
