{
    "lr": 0.3647909699482493,
    "steps": 0.19464336396831605,
    "n_layers": 0.14475653657372825,
    "scheduler": 0.07502996053598121,
    "batch_size": 0.06558189290297832,
    "num_samples": 0.05060435828100414,
    "d_first": 0.04401577687325027,
    "d_last": 0.042119672248085896,
    "num_timesteps": 0.01845746866840654
}
