{
    "num_samples": 0.4142489156922824,
    "lr": 0.2128758476432594,
    "d_last": 0.1684568271625956,
    "n_layers": 0.09370079878860173,
    "d_first": 0.04169401208592082,
    "steps": 0.03469300739602734,
    "scheduler": 0.03432335667047057,
    "num_timesteps": 7.158531991095607e-06,
    "batch_size": 7.602885106694191e-08
}
