{
    "lr": 0.3680648127946688,
    "steps": 0.22855936462552062,
    "n_layers": 0.12777690102989045,
    "batch_size": 0.08718347225223003,
    "scheduler": 0.06174586554331827,
    "d_first": 0.04186670075064308,
    "num_samples": 0.04141745269858871,
    "num_timesteps": 0.026757728724797557,
    "d_last": 0.01662770158034258
}
